{
  "total": 88,
  "movieList": [
    {
      "id": 1211270,
      "haspromotionTag": false,
      "img": "http://p0.meituan.net/128.180/movie/005955214d5b3e50c910d7a511b0cb571445301.jpg",
      "version": "v3d imax",
      "nm": "哪吒之魔童降世",
      "preShow": false,
      "sc": 9.7,
      "globalReleased": true,
      "wish": 166792,
      "star": "吕艳婷,囧森瑟夫,瀚墨",
      "rt": "2019-07-26",
      "showInfo": "今天225家影院放映3227场",
      "showst": 3,
      "wishst": 0
    },
    {
      "id": 342903,
      "haspromotionTag": false,
      "img": "http://p1.meituan.net/128.180/movie/5dde9673a97f1e11540dc4c4cc78cbcb3314363.jpg",
      "version": "v3d imax",
      "nm": "上海堡垒",
      "preShow": false,
      "sc": 0,
      "globalReleased": true,
      "wish": 221124,
      "star": "鹿晗,舒淇,石凉",
      "rt": "2019-08-09",
      "showInfo": "今天223家影院放映3700场",
      "showst": 3,
      "wishst": 0
    },
    {
      "id": 1243361,
      "haspromotionTag": false,
      "img": "http://p0.meituan.net/128.180/movie/f75fcb7696d55452e32794b2219700b9840805.jpg",
      "version": "v2d imax",
      "nm": "烈火英雄",
      "preShow": false,
      "sc": 9.5,
      "globalReleased": true,
      "wish": 164442,
      "star": "黄晓明,杜江,谭卓",
      "rt": "2019-08-01",
      "showInfo": "今天204家影院放映1250场",
      "showst": 3,
      "wishst": 0
    },
    {
      "id": 1197417,
      "haspromotionTag": false,
      "img": "http://p0.meituan.net/128.180/movie/4ce0104f223d0df60340f40f01c561391345060.jpg",
      "version": "",
      "nm": "使徒行者2：谍影行动",
      "preShow": false,
      "sc": 9.1,
      "globalReleased": true,
      "wish": 368245,
      "star": "张家辉,古天乐,吴镇宇",
      "rt": "2019-08-07",
      "showInfo": "今天221家影院放映1844场",
      "showst": 3,
      "wishst": 0
    },
    {
      "id": 1263074,
      "haspromotionTag": false,
      "img": "http://p1.meituan.net/128.180/moviemachine/cbf80f34d6e0e02193635f1096f95f522822916.jpg",
      "version": "",
      "nm": "红星照耀中国",
      "preShow": false,
      "sc": 0,
      "globalReleased": true,
      "wish": 4097,
      "star": "柯南·何裴,王鹏凯,李雪健",
      "rt": "2019-08-08",
      "showInfo": "今天110家影院放映357场",
      "showst": 3,
      "wishst": 0
    },
    {
      "id": 1207237,
      "haspromotionTag": false,
      "img": "http://p0.meituan.net/128.180/movie/314f18a87b4df9a74a0c8341fa047fd24302018.jpg",
      "version": "",
      "nm": "沉默的证人",
      "preShow": false,
      "sc": 0,
      "globalReleased": false,
      "wish": 232708,
      "star": "张家辉,杨紫,任贤齐",
      "rt": "2019-08-16",
      "showInfo": "2019-08-16 下周五上映",
      "showst": 4,
      "wishst": 0
    },
    {
      "id": 1170287,
      "haspromotionTag": false,
      "img": "http://p0.meituan.net/128.180/movie/1e34d48ffb219f16d090eac08358787c713102.jpg",
      "version": "v3d",
      "nm": "愤怒的小鸟2",
      "preShow": true,
      "sc": 0,
      "globalReleased": false,
      "wish": 29557,
      "star": "杰森·苏戴奇斯,比尔·哈德尔,乔什·加德",
      "rt": "2019-08-16",
      "showInfo": "2019-08-16 下周五上映",
      "showst": 4,
      "wishst": 0
    },
    {
      "id": 1209269,
      "haspromotionTag": false,
      "img": "http://p1.meituan.net/128.180/moviemachine/e64318c8306e2ed72b387923c7094566335057.jpg",
      "version": "",
      "nm": "全职高手之巅峰荣耀",
      "preShow": false,
      "sc": 0,
      "globalReleased": false,
      "wish": 227862,
      "star": "阿杰,边江,西子",
      "rt": "2019-08-16",
      "showInfo": "2019-08-16 下周五上映",
      "showst": 4,
      "wishst": 0
    },
    {
      "id": 1215605,
      "haspromotionTag": false,
      "img": "http://p1.meituan.net/128.180/movie/648bbced128324a4b4ccf7db6c564a251744344.jpg",
      "version": "v3d imax",
      "nm": "速度与激情：特别行动",
      "preShow": false,
      "sc": 0,
      "globalReleased": false,
      "wish": 366602,
      "star": "道恩·强森,杰森·斯坦森,伊德瑞斯·艾尔巴",
      "rt": "2019-08-23",
      "showInfo": "2019-08-23上映",
      "showst": 4,
      "wishst": 0
    },
    {
      "id": 1262185,
      "haspromotionTag": false,
      "img": "http://p0.meituan.net/128.180/movie/223e23f49090bbe407f7c190cd03533c1798491.jpg",
      "version": "",
      "nm": "萤火奇兵2：小虫不好惹",
      "preShow": true,
      "sc": 0,
      "globalReleased": false,
      "wish": 6700,
      "star": "张圣,杨凝,闫夜桥",
      "rt": "2019-08",
      "showInfo": "今天50家影院放映101场",
      "showst": 4,
      "wishst": 0
    },
    {
      "id": 1207254,
      "haspromotionTag": false,
      "img": "http://p0.meituan.net/128.180/movie/f35ac31a224c601002f904703bb14e054448434.jpg",
      "version": "",
      "nm": "鼠胆英雄",
      "preShow": false,
      "sc": 8.3,
      "globalReleased": true,
      "wish": 100389,
      "star": "岳云鹏,佟丽娅,田雨",
      "rt": "2019-08-02",
      "showInfo": "今天48家影院放映82场",
      "showst": 3,
      "wishst": 0
    },
    {
      "id": 1189879,
      "haspromotionTag": false,
      "img": "http://p0.meituan.net/128.180/moviemachine/7b9b0725ab5feae642e1fbba9fbb90fe3702078.jpg",
      "version": "v3d imax",
      "nm": "狮子王",
      "preShow": false,
      "sc": 8.9,
      "globalReleased": true,
      "wish": 191819,
      "star": "唐纳德·格洛弗,塞斯·罗根,詹姆斯·厄尔·琼斯",
      "rt": "2019-07-12",
      "showInfo": "今天40家影院放映81场",
      "showst": 3,
      "wishst": 0
    }
  ]
}